{
  "benchmark": "ddp_overlap_individual_parameters_benchmarking",
  "config": {
    "gradient_sync_mode": "overlap_individual",
    "model_size": "xl",
    "context_length": 128,
    "global_batch_size": 8,
    "vocab_size": 10000,
    "rope_theta": 10000.0,
    "precision": "fp32",
    "backend": "nccl",
    "device": "auto",
    "world_size": 2,
    "nvtx": false,
    "warmup_steps": 5,
    "measure_steps": 20,
    "learning_rate": 0.001,
    "weight_decay": 0.01,
    "seed": 0,
    "master_addr": "127.0.0.1",
    "master_port": 29500,
    "output_path": "artifacts/experiments/ch2/2_3_2_overlap_individual/overlap_individual_xl_ctx128_nccl_w2_gbs8_fp32.json"
  },
  "world_size": 2,
  "result": {
    "aggregate": {
      "forward_backward_ms": {
        "mean_ms": 322.5747749328613,
        "stdev_ms": 0.8723452054670394,
        "min_ms": 321.8247985839844,
        "max_ms": 325.8130187988281
      },
      "communication_ms": {
        "mean_ms": 6.027311170101166,
        "stdev_ms": 0.00564890324792187,
        "min_ms": 6.014304161071777,
        "max_ms": 6.040031909942627
      },
      "optimizer_step_ms": {
        "mean_ms": 92.05547370910645,
        "stdev_ms": 0.16350446348551434,
        "min_ms": 91.76822662353516,
        "max_ms": 92.2911376953125
      },
      "total_step_ms": {
        "mean_ms": 420.66036758422854,
        "stdev_ms": 0.9452340925633244,
        "min_ms": 419.90179443359375,
        "max_ms": 424.1288757324219
      },
      "communication_fraction": {
        "mean_ms": 1.4328289970620525,
        "stdev_ms": 0.003764792317226156,
        "min_ms": 1.4197948622287395,
        "max_ms": 1.438201275642152
      }
    },
    "per_rank_total_step_mean_ms": [
      420.7346481323242,
      420.5860870361328
    ],
    "per_rank_communication_mean_ms": [
      6.028574299812317,
      6.026048040390014
    ],
    "per_rank_communication_fraction_percent_mean": [
      1.4328770320171034,
      1.4327809621070016
    ]
  }
}
