{
  "benchmark": "distributed_communication_single_node",
  "config": {
    "backends": [
      "gloo",
      "nccl"
    ],
    "sizes_mb": [
      1,
      10,
      100,
      1024
    ],
    "process_counts": [
      2,
      4,
      6
    ],
    "warmup_steps": 5,
    "measure_steps": 20,
    "master_addr": "127.0.0.1",
    "master_port_base": 29500,
    "output_path": "artifacts/experiments/ch2/2_1_1/results.json"
  },
  "results": [
    {
      "backend": "gloo",
      "device_type": "cpu",
      "world_size": 2,
      "warmup_steps": 5,
      "measure_steps": 20,
      "sizes": [
        {
          "size_mb": 1,
          "size_bytes": 1048576,
          "numel_float32": 262144,
          "measure_steps": 20,
          "aggregate": {
            "mean_ms": 0.4421103512868285,
            "stdev_ms": 0.030042310970659104,
            "min_ms": 0.37699611857533455,
            "max_ms": 0.5256300792098045
          },
          "per_rank_mean_ms": [
            0.4419090924784541,
            0.4423116100952029
          ],
          "slowest_rank_mean_ms": 0.4423116100952029,
          "fastest_rank_mean_ms": 0.4419090924784541
        },
        {
          "size_mb": 10,
          "size_bytes": 10485760,
          "numel_float32": 2621440,
          "measure_steps": 20,
          "aggregate": {
            "mean_ms": 3.9420689921826124,
            "stdev_ms": 0.48879999238803157,
            "min_ms": 3.4673353657126427,
            "max_ms": 5.424560979008675
          },
          "per_rank_mean_ms": [
            3.9427903247997165,
            3.9413476595655084
          ],
          "slowest_rank_mean_ms": 3.9427903247997165,
          "fastest_rank_mean_ms": 3.9413476595655084
        },
        {
          "size_mb": 100,
          "size_bytes": 104857600,
          "numel_float32": 26214400,
          "measure_steps": 20,
          "aggregate": {
            "mean_ms": 73.29621301032603,
            "stdev_ms": 11.250434021367637,
            "min_ms": 54.64862193912268,
            "max_ms": 88.22080492973328
          },
          "per_rank_mean_ms": [
            73.29693688079715,
            73.29548913985491
          ],
          "slowest_rank_mean_ms": 73.29693688079715,
          "fastest_rank_mean_ms": 73.29548913985491
        },
        {
          "size_mb": 1024,
          "size_bytes": 1073741824,
          "numel_float32": 268435456,
          "measure_steps": 20,
          "aggregate": {
            "mean_ms": 909.977284015622,
            "stdev_ms": 161.41544873365945,
            "min_ms": 668.0045588873327,
            "max_ms": 1212.0597530156374
          },
          "per_rank_mean_ms": [
            909.9441612837836,
            910.0104067474604
          ],
          "slowest_rank_mean_ms": 910.0104067474604,
          "fastest_rank_mean_ms": 909.9441612837836
        }
      ],
      "status": "ok"
    },
    {
      "backend": "gloo",
      "device_type": "cpu",
      "world_size": 4,
      "warmup_steps": 5,
      "measure_steps": 20,
      "sizes": [
        {
          "size_mb": 1,
          "size_bytes": 1048576,
          "numel_float32": 262144,
          "measure_steps": 20,
          "aggregate": {
            "mean_ms": 0.7840773614589125,
            "stdev_ms": 0.11608057184681002,
            "min_ms": 0.6220364011824131,
            "max_ms": 1.1586067266762257
          },
          "per_rank_mean_ms": [
            0.7844833424314857,
            0.7855146192014217,
            0.7827085210010409,
            0.7836029632017016
          ],
          "slowest_rank_mean_ms": 0.7855146192014217,
          "fastest_rank_mean_ms": 0.7827085210010409
        },
        {
          "size_mb": 10,
          "size_bytes": 10485760,
          "numel_float32": 2621440,
          "measure_steps": 20,
          "aggregate": {
            "mean_ms": 8.017387089785188,
            "stdev_ms": 1.749800520562994,
            "min_ms": 5.6434497237205505,
            "max_ms": 11.374123860150576
          },
          "per_rank_mean_ms": [
            8.01977221854031,
            8.018424618057907,
            8.005587011575699,
            8.025764510966837
          ],
          "slowest_rank_mean_ms": 8.025764510966837,
          "fastest_rank_mean_ms": 8.005587011575699
        },
        {
          "size_mb": 100,
          "size_bytes": 104857600,
          "numel_float32": 26214400,
          "measure_steps": 20,
          "aggregate": {
            "mean_ms": 149.2616802919656,
            "stdev_ms": 36.25636052978434,
            "min_ms": 123.89464303851128,
            "max_ms": 249.13835292682052
          },
          "per_rank_mean_ms": [
            149.24694416113198,
            149.26573794800788,
            149.2832302581519,
            149.25080880057067
          ],
          "slowest_rank_mean_ms": 149.2832302581519,
          "fastest_rank_mean_ms": 149.24694416113198
        },
        {
          "size_mb": 1024,
          "size_bytes": 1073741824,
          "numel_float32": 268435456,
          "measure_steps": 20,
          "aggregate": {
            "mean_ms": 1272.3138614499476,
            "stdev_ms": 192.43812165621873,
            "min_ms": 1014.2304361797869,
            "max_ms": 1642.2055158764124
          },
          "per_rank_mean_ms": [
            1272.311391378753,
            1272.3203046014532,
            1272.3354500252753,
            1272.2882997943088
          ],
          "slowest_rank_mean_ms": 1272.3354500252753,
          "fastest_rank_mean_ms": 1272.2882997943088
        }
      ],
      "status": "ok"
    },
    {
      "backend": "gloo",
      "device_type": "cpu",
      "world_size": 6,
      "warmup_steps": 5,
      "measure_steps": 20,
      "sizes": [
        {
          "size_mb": 1,
          "size_bytes": 1048576,
          "numel_float32": 262144,
          "measure_steps": 20,
          "aggregate": {
            "mean_ms": 1.1202269427788754,
            "stdev_ms": 0.05359541315199537,
            "min_ms": 1.0302658192813396,
            "max_ms": 1.324336975812912
          },
          "per_rank_mean_ms": [
            1.120812213048339,
            1.1196113657206297,
            1.1208779411390424,
            1.1210649274289608,
            1.1197722284123302,
            1.1192229809239507
          ],
          "slowest_rank_mean_ms": 1.1210649274289608,
          "fastest_rank_mean_ms": 1.1192229809239507
        },
        {
          "size_mb": 10,
          "size_bytes": 10485760,
          "numel_float32": 2621440,
          "measure_steps": 20,
          "aggregate": {
            "mean_ms": 11.5537015760007,
            "stdev_ms": 2.157937062161984,
            "min_ms": 6.684219930320978,
            "max_ms": 14.464919921010733
          },
          "per_rank_mean_ms": [
            11.56580806709826,
            11.557299690321088,
            11.53355734422803,
            11.547378147952259,
            11.553863366134465,
            11.564302840270102
          ],
          "slowest_rank_mean_ms": 11.56580806709826,
          "fastest_rank_mean_ms": 11.53355734422803
        },
        {
          "size_mb": 100,
          "size_bytes": 104857600,
          "numel_float32": 26214400,
          "measure_steps": 20,
          "aggregate": {
            "mean_ms": 182.69959394820035,
            "stdev_ms": 58.220382109469575,
            "min_ms": 139.6021181717515,
            "max_ms": 333.1054439768195
          },
          "per_rank_mean_ms": [
            182.67687535844743,
            182.64755487907678,
            182.68264490179718,
            182.72648258134723,
            182.74401193484664,
            182.71999403368682
          ],
          "slowest_rank_mean_ms": 182.74401193484664,
          "fastest_rank_mean_ms": 182.64755487907678
        },
        {
          "size_mb": 1024,
          "size_bytes": 1073741824,
          "numel_float32": 268435456,
          "measure_steps": 20,